106886,Facundo Prieto,19
106887,Facundo Prieto,19
106888,Facundo Prieto,19
106889,Facundo Prieto,19
106890,Facundo Prieto,19
106891,Facundo Prieto,19
106892,Facundo Prieto,19
106893,Facundo Prieto,19
106894,Facundo Prieto,19
106895,Facundo Prieto,19
106896,Facundo Prieto,19
106897,Facundo Prieto,19
106898,Facundo Prieto,19
106899,Facundo Prieto,19
106900,Facundo Prieto,19
106901,Facundo Prieto,19
106902,Facundo Prieto,19
106903,Facundo Prieto,19
106904,Facundo Prieto,19
106905,Facundo Prieto,19
106906,Facundo Prieto,19
106907,Facundo Prieto,19
106908,Facundo Prieto,19
106909,Facundo Prieto,19
106910,Facundo Prieto,19
106911,Facundo Prieto,19
106912,Facundo Prieto,19
106913,Facundo Prieto,19
